0	«%1» غير موجود في Home Assistant.
1	«%1» غير موجود.
2	«تلقائي» يستخدم العدادات من لوحة الطاقة في Home Assistant ويحسب بنفس طريقتها تمامًا. تظهر عداداتك الخاصة بعد «اختبار الاتصال».
3	(مجموعة)
4	(بدون وصف)
7	%1 %
8	رطوبة %1 %
9	%1 مقابس · كلها مطفأة
10	%1 س
11	%1 س %2 د
12	%1 قيد التدفئة
13	%1 مصابيح
14	%1 مصابيح · كلها مطفأة
15	%1 مصابيح مضاءة
16	%1 يبلّغ عن الخطأ %2.
17	%1 د
18	%1 بالمئة
19	%1 غرف
20	%1 غرف قيد التدفئة
21	تبديل %1
22	%1 مقابس
23	%1 من %2 قيد التشغيل
24	%1 من %2 مصابيح مضاءة
25	%1 من %2 مقابس قيد التشغيل
26	%1 من %2 في المنزل
27	%1 في المنزل
28	مقبس واحد · مطفأ
29	1 س
30	مصباح واحد · مطفأ
31	مصباح واحد مضاء
32	غرفة واحدة قيد التدفئة
33	2 س
34	24 س
35	24 س:
36	24 ساعة
37	3 س
38	30 د
39	4 س
40	إلغاء
41	الاستعلام كل (ثانية):
42	الاستعلام كل %1 ث (بدون اتصال مباشر)
43	تسجيل الخروج
44	خارج المنزل
45	العنوان
46	أدخل عنوان تثبيت Home Assistant ورمز وصول طويل الأمد.
47	العنوان ورمز الوصول طويل الأمد (في Home Assistant: اسمك ← الأمان ← إنشاء رمز).
48	أدخل العنوان ورمز الوصول في الإعدادات.
49	العنوان:
50	تغيير العنوان/الرمز
51	نشط
52	نشاط
53	تحديث
54	كل الـ %1 قيد التشغيل
55	كل المصابيح الـ %1 مطفأة
56	إطفاء الكل
57	كل المصابيح
58	إطفاء كل المصابيح
59	عرض الكل
60	الجميع في المنزل
61	تعيين كمفضلة
62	تعيين كمفضلة
63	تشغيل
64	تشغيل
65	تشغيل · %1 %
66	عرض:
67	المجموعات الكلاسيكية (group.*) ذات المصابيح أيضًا
68	عرض على GitHub
69	إيقاف
70	إيقاف
71	إخفاء
72	إخفاء …
73	إخفاء:
74	الاختيار:
75	تلقائي
76	تلقائي
77	تلقائي (لوحة الطاقة)
78	البحث تلقائيًا عن إصدارات جديدة (GitHub)
79	البحث تلقائيًا عن تحديثات (GitHub)
80	إيقاف
81	التشغيل عند تسجيل الدخول
82	أي كيان (قيمة كبيرة)
83	يرجى الاختيار
84	تعزيز
85	لوحة التحكم
86	فتح لوحة التحكم
87	المدة
88	النجمة تميز المفضلة – تظهر عند البدء. للتبديل في اللوحة: ⋯ ← تبديل النسخة.
89	الملف الذي تم تنزيله ليس Home Assistant ToolBox.
90	تأتي العدادات تلقائيًا من لوحة الطاقة في Home Assistant أو تُختار أعلاه لكل نسخة.
91	تنطبق هذه الإعدادات عندما تكون الأداة على سطح المكتب. لعدة بلاطات (مثل مصباح وتدفئة وطاقة) اسحب الأداة إلى سطح المكتب عدة مرات واضبط كل بلاطة على حدة.
92	إخفاء المقابس
93	عرض المقابس
94	فشل التنزيل
95	المتوسط:
96	اقتصادي
97	غرفة (درجة الحرارة، المصابيح، المقابس)
98	أي كيان (مستشعر، مفتاح …) بقيمة كبيرة.
99	أي كيان بقيمة كبيرة.
100	تدفئة
101	مصباح أو مجموعة مصابيح
102	مصباح أو مجموعة مصابيح للتشغيل والإطفاء.
103	مقبس
104	مقبس مع الاستهلاك للتشغيل والإطفاء.
105	إعداد …
106	الإعدادات
107	الإعدادات …
108	مقابس منفردة
109	الطاقة
110	الطاقة (السجل، استهلاك اليوم)
111	إزالة
112	تجفيف
113	كيان
114	اختر كيانًا: نقر يمين ← «تحرير الأداة»
115	الكيان:
116	الكيانات التي يجب ألا تظهر – مفصولة بفواصل، ويمكن استخدام *، مثل light.hall_nightlight, switch.*_led
117	إعادة المحاولة
118	تدفئة إضافية
119	تدفئة إضافية · متبقٍ %1، ثم %2
120	تدفئة إضافية:
121	مفضلة
122	مفضلة: تظهر عند البدء
123	مفضلة: تظهر أولًا عند البدء
124	خطأ %1 من Home Assistant.
125	النافذة مفتوحة
126	النافذة مغلقة
127	تم
128	الغاز
129	عداد الغاز
130	عداد الغاز:
131	تغيّر %1
132	الآن
133	لا توجد غرفة قيد التدفئة الآن
134	أمس
135	أمس %1
136	درجات
137	أكبر المستهلكين
138	أكبر المستهلكين الآن
139	المجموعات
140	المجموعات ومشترك الكهرباء
141	العداد الرئيسي
142	اختيار العداد الرئيسي
143	العداد الرئيسي:
144	تدفئة
145	تدفئة/تبريد
146	يدفّئ
147	يدفّئ إلى %1
148	التدفئة
149	التدفئة (منظمات الحرارة ودرجات حرارة الغرف)
150	التدفئة تعمل (%1 من %2)
151	التدفئة تعمل (%1)
152	التدفئة تعمل في %1 غرف
153	التدفئة مطفأة
154	التدفئة في وضع الراحة
155	اختر تدفئة: نقر يمين ← «تحرير الأداة»
156	التدفئة:
157	السطوع %1
158	بلغ %1 % من استهلاك الأمس
159	Home Assistant
160	Home Assistant · %1
161	Home Assistant لا يستجيب.
162	إعداد Home Assistant
163	رفض Home Assistant الرمز. يرجى إدخال رمز جديد في الإعدادات.
164	إضافة Home Assistant
165	لا يمكن الوصول إلى Home Assistant (%1).
166	فتح Home Assistant
167	Home Assistant ToolBox
168	Home Assistant ToolBox – الإعدادات
169	Home Assistant ToolBox – رمز Home Assistant
170	Home Assistant ToolBox – ما الجديد؟
171	إنهاء Home Assistant ToolBox
172	إعداد Home Assistant ToolBox
173	Home Assistant ToolBox محدّث.
174	فتح Home Assistant ToolBox
175	اختر في الإعدادات ضمن «سطح المكتب».
176	لا توجد منظمات حرارة في Home Assistant.
177	لم يُعثر على مصابيح في Home Assistant
178	لا يوجد أشخاص في Home Assistant.
179	في Home Assistant: أسفل اليسار على اسمك ← الأمان ← «رموز الوصول طويلة الأمد» ← إنشاء رمز.
180	فشل التثبيت: %1
181	تثبيت
182	تثبيت وإعادة التشغيل
183	تم التثبيت
184	تم التثبيت – Home Assistant ToolBox يعيد التشغيل …
185	تم التثبيت – يصبح الإصدار الجديد نشطًا بعد إعادة تشغيل Plasma.
186	المثبّت: %1
187	المثبّت: %1
188	النسخة
189	النسخة «%1»
190	إزالة النسخة
191	إضافة نسخة
192	تبديل النسخة
193	النسخة:
194	النسخ والعرض
195	النسخ:
196	الحالي
197	الآن
198	تعرض البلاطة:
199	أبرد
200	بدون إعداد مسبق
201	لا يوجد سجل
202	لم يُعثر على تغييرات.
203	لم يُعثر على تدفئة
204	لا توجد مصابيح
205	لم يُعثر على مصابيح
206	لا يوجد أشخاص
207	لا يوجد أشخاص في Home Assistant
208	لا توجد مقابس
209	لم يُعثر على مقابس
210	لم يُعثر على منظمات حرارة أو مستشعرات حرارة
211	لا يوجد اتصال
212	لا يوجد اتصال
213	لا يوجد اتصال.
214	لم يُعثر على عدادات. أعدّ لوحة الطاقة في Home Assistant أو اختر العدادات في الإعدادات.
215	لا شيء (مجموع المقابس القياسية)
216	راحة
217	كامل (كل علامات التبويب)
218	تبريد
219	جارٍ التحميل …
220	مصباح
221	مصباح مضاء
222	اختر مصباحًا: نقر يمين ← «تحرير الأداة»
223	المصباح:
224	المصابيح
225	مصابيح مضاءة
226	إخفاء المصابيح
227	عرض المصابيح
228	المصابيح والمقابس والتدفئة والطاقة والأشخاص من Home Assistant – في اللوحة وعلى سطح المكتب
229	المصابيح والمقابس والتدفئة والاستهلاك ومن في المنزل.
230	مجموعات المصابيح
231	عرض مجموعات المصابيح
232	رمز وصول طويل الأمد
233	فارغ = الاسم من Home Assistant
234	مستشعر قدرة عداد الكهرباء
235	مستشعر قدرة عداد الكهرباء لهذه النسخة (مثل Shelly 3EM وTibber Pulse). بعد «اختبار الاتصال» تظهر كل مستشعرات القدرة.
236	ضوء في %1 غرف
237	ضوء في غرفة واحدة
238	متصل مباشرة بـ %1
239	مروحة
240	الرطوبة
241	المزيد
242	الاتصال بـ Home Assistant
243	الوضع
244	الوضع:
245	البحث عن تحديثات
246	الاسم
247	الاسم (اختياري)
248	الاسم:
249	إعادة التحميل
250	نسخة جديدة
251	تعذّرت إعادة التشغيل: %1
252	غير معدّ
253	لا يمكن الوصول
254	غير موجود
255	غير موجود
256	غير متصل
257	لا أحد
258	لا أحد في المنزل
259	لا يوجد عنوان بعد
260	لا توجد نسخة بعد – أضف Home Assistant.
261	غير معدّ بعد – نقر يمين ← إعداد
262	عادةً تتحدّث الأداة فورًا عبر الاتصال المباشر. لا يُستخدم الفاصل الزمني إلا إذا تعذّر ذلك.
263	عرض المفاتيح من نوع «مقبس» فقط
264	م %1
265	م %1 في %2 غرف
266	غير متصل
267	بدون غرفة
268	المساهمون في OpenStreetMap
269	اللوحة:
270	الأشخاص
271	الأشخاص مع الخريطة
272	إعادة تشغيل Plasma
273	الإعداد المسبق
274	الإعداد المسبق:
275	صفحة المشروع والتحديثات على GitHub
276	الغرفة
277	لم يُعثر على الغرفة
278	اختر غرفة: نقر يمين ← «تحرير الأداة»
279	الغرفة:
280	الغرف
281	الغرف (مناطق Home Assistant)
282	عرض الغرف (مناطق Home Assistant)
283	درجة حرارة الغرفة ودرجة الحرارة المستهدفة القابلة للضبط.
284	علامات التبويب
285	في وضع الراحة
286	تبديل
287	فشل التبديل:
288	فشل التبديل: %1
289	نوم
290	إغلاق
291	سطح المكتب
292	منذ %1 ي
293	منذ %1 س
294	منذ %1 د
295	شغّل السكربت في Scriptable مرة واحدة وأضف Home Assistant.
296	طريقة إضافة الأدوات:\n1. اضغط مطولًا على الشاشة الرئيسية ← «+» ← Scriptable ← اختر الحجم.\n2. اضغط مطولًا على الأداة ← «تحرير الأداة» ← Script: «Home Assistant ToolBox».\n3. اكتب في «Parameter» ما يجب أن تعرضه:\n\n• (فارغ) – نظرة عامة\n• lights – المصابيح (المس للتبديل)\n• heating – كل الغرف، heating:Living room – غرفة واحدة مع السجل\n• energy – الاستهلاك والسجل والكهرباء/الماء/الغاز اليوم\n• people – من أين\n• room:Kitchen – درجة الحرارة والمصابيح والمقابس لغرفة\n• light:light.hall أو light:Floor lamp – كيان واحد بحجم كبير\n• …@Holiday home – نسخة أخرى غير المفضلة\n\nعلى شاشة القفل تعرض الأداة باختصار المصابيح والتدفئة والاستهلاك.
297	أخرى
298	لاحقًا
299	حفظ
300	الذروة:
301	حتى %1
302	بدء
303	مقبس
304	اختر مقبسًا: نقر يمين ← «تحرير الأداة»
305	المقبس:
306	المقابس
307	المقابس والطاقة
308	المقابس:
309	الكهرباء
310	عداد الكهرباء
311	عداد الكهرباء:
312	جارٍ البحث عن تحديثات …
313	أيقونة بحجم اللوحة (بدلًا من حجم علبة النظام)
314	درجة الحرارة
315	درجة حرارة التدفئة الإضافية
316	ضبط درجة الحرارة
317	درجة الحرارة والمصابيح والمقابس لغرفة.
318	منظمات الحرارة
319	نصيحة: اختر العداد الرئيسي في الإعدادات
320	نصيحة: اختر عدادًا رئيسيًا في الإعدادات، وسيظهر هنا سجل آخر 24 ساعة.
321	المس نسخة لتحريرها.
322	الرمز (فارغ = دون تغيير)
323	تغيير الرمز …
324	إزالة الرمز من سلسلة المفاتيح
325	الحفظ على أي حال؟
326	نظرة عامة
327	نظرة عامة (كل شيء باختصار)
328	إعادة تسمية
329	غير معروف
330	خطأ غير معروف
331	خارج المنزل
332	التحديث إلى %1 …
333	التحديث غير ممكن
334	تعذّر البحث عن تحديثات (%1).
335	تعذّر البحث عن تحديثات.
336	التحديثات:
337	جارٍ الاتصال …
338	اتصال
339	الاتصال
340	اختبار الاتصال
341	الاستهلاك %1
342	استهلاك المقابس القياسية
343	الاستهلاك الآن
344	الاستهلاك الآن والسجل واستهلاك اليوم (كهرباء، ماء، غاز).
345	استهلاك اليوم
346	الاستهلاك الإجمالي
347	متصل بـ %1 · %2
348	متصل بـ %1 · حتى %2
349	متصل: %1 مصابيح، %2 مقابس، %3 غرف مع تدفئة، %4 أشخاص.
350	تكبير
351	النسبة إلى ذروة آخر 24 ساعة
352	تصغير
353	السجل
354	جارٍ تحميل السجل …
355	السجل، الوضع، الإعداد المسبق، التدفئة الإضافية
356	الإصدار %1
357	الإصدار %1 · Home Assistant في شريط القوائم
358	وصل الإصدار %1
359	تم تثبيت الإصدار %1 وسيسري عند التشغيل التالي.
360	الإصدار %1 متاح
361	الإصدار %1 متاح.
362	معاينة: التدفئة (كبير)
363	معاينة: نظرة عامة (متوسط)
364	أدفأ
365	ما الجديد؟
366	ماذا يجب أن تعرض البلاطة؟
367	الماء
368	عداد الماء
369	عداد الماء:
370	أي تدفئة أو أي غرفة.
371	أي مصباح أو مجموعة مصابيح تعرضها الأداة.
372	أي مقبس تعرضه الأداة.
373	أي غرفة: درجة الحرارة والمصابيح والمقابس.
374	أقل
375	من في المنزل، ومن على أي بُعد.
376	معامل الأداة، مثل light:light.hall
377	معامل الأداة، مثل room:Kitchen
378	الأدوات
379	إعداد الأدوات (دليل)
380	أدوات سطح المكتب: نقر يمين على سطح المكتب ← «تحرير الأدوات …» ← «Home Assistant ToolBox».
381	جارٍ التنزيل والفحص …
382	جارٍ التنزيل والتثبيت …
383	هل تريد الإزالة فعلًا؟
384	مثل المنزل، منزل العطلات (فارغ = من Home Assistant)
385	عدد المصابيح المضاءة على الأيقونة
386	عدد المصابيح المضاءة في شريط القوائم
387	العدادات (كهرباء/ماء/غاز)
388	قراءات العدادات
389	الهدف
390	الهدف
391	الهدف %1
392	درجة الحرارة المستهدفة %1
393	في المنزل
394	في المنزل:
395	في المنزل: %1
396	تم رفض الوصول
397	تم رفض الوصول – يرجى التحقق من الرمز.
398	رمز الوصول
399	رمز الوصول:
400	في المنزل
401	رجوع
402	الإجمالي %1
403	مسح ذاكرة التخزين المؤقت
