0	Home Assistant-এ “%1” নেই।
1	“%1” নেই।
2	“স্বয়ংক্রিয়” Home Assistant-এর এনার্জি ড্যাশবোর্ডের মিটার ব্যবহার করে এবং ঠিক একইভাবে হিসাব করে। “সংযোগ পরীক্ষা” করার পর আপনার নিজের মিটার দেখা যায়।
3	(গ্রুপ)
4	(কোনো বিবরণ নেই)
7	%1 %
8	%1 % আর্দ্রতা
9	%1টি সকেট · সব বন্ধ
10	%1 ঘ
11	%1 ঘ %2 মি
12	%1টি গরম হচ্ছে
13	%1টি বাতি
14	%1টি বাতি · সব বন্ধ
15	%1টি বাতি চালু
16	%1 ত্রুটি %2 জানিয়েছে।
17	%1 মি
18	%1 শতাংশ
19	%1টি ঘর
20	%1টি ঘর গরম হচ্ছে
21	%1 চালু/বন্ধ করুন
22	%1টি সকেট
23	%2টির মধ্যে %1টি চালু
24	%2টির মধ্যে %1টি বাতি চালু
25	%2টির মধ্যে %1টি সকেট চালু
26	%2 জনের মধ্যে %1 জন বাড়িতে
27	%1 জন বাড়িতে
28	১টি সকেট · বন্ধ
29	১ ঘ
30	১টি বাতি · বন্ধ
31	১টি বাতি চালু
32	১টি ঘর গরম হচ্ছে
33	২ ঘ
34	২৪ ঘ
35	২৪ ঘ:
36	২৪ ঘণ্টা
37	৩ ঘ
38	৩০ মি
39	৪ ঘ
40	বাতিল
41	প্রতি (সেকেন্ড) জিজ্ঞাসা:
42	প্রতি %1 সেকেন্ডে জিজ্ঞাসা (লাইভ সংযোগ ছাড়া)
43	সাইন আউট
44	বাইরে
45	ঠিকানা
46	আপনার Home Assistant-এর ঠিকানা এবং একটি দীর্ঘমেয়াদী অ্যাক্সেস টোকেন দিন।
47	ঠিকানা ও দীর্ঘমেয়াদী অ্যাক্সেস টোকেন (Home Assistant-এ: আপনার নাম → নিরাপত্তা → টোকেন তৈরি করুন)।
48	সেটিংসে ঠিকানা ও অ্যাক্সেস টোকেন দিন।
49	ঠিকানা:
50	ঠিকানা/টোকেন পরিবর্তন
51	সক্রিয়
52	কার্যকলাপ
53	রিফ্রেশ
54	সব %1টি চালু
55	সব %1টি বাতি বন্ধ
56	সব বন্ধ
57	সব বাতি
58	সব বাতি বন্ধ করুন
59	সব দেখান
60	সবাই বাড়িতে
61	প্রিয় হিসেবে
62	প্রিয় হিসেবে সেট করুন
63	চালু
64	চালু
65	চালু · %1 %
66	দেখান:
67	বাতিসহ পুরোনো গ্রুপও (group.*)
68	GitHub-এ দেখুন
69	বন্ধ
70	বন্ধ
71	লুকান
72	লুকান …
73	লুকান:
74	নির্বাচন:
75	স্বয়ংক্রিয়
76	স্বয়ংক্রিয়
77	স্বয়ংক্রিয় (এনার্জি ড্যাশবোর্ড)
78	নতুন সংস্করণ স্বয়ংক্রিয়ভাবে খুঁজুন (GitHub)
79	আপডেট স্বয়ংক্রিয়ভাবে খুঁজুন (GitHub)
80	বন্ধ করুন
81	লগইনের সময় চালু করুন
82	যেকোনো এনটিটি (বড় মান)
83	অনুগ্রহ করে বাছুন
84	বুস্ট
85	ড্যাশবোর্ড
86	ড্যাশবোর্ড খুলুন
87	সময়কাল
88	তারকা প্রিয়টি চিহ্নিত করে – এটি শুরুতে দেখায়। প্যানেলে ⋯ → ইনস্ট্যান্স বদলান দিয়ে বদলান।
89	ডাউনলোড করা ফাইলটি Home Assistant ToolBox নয়।
90	মিটার স্বয়ংক্রিয়ভাবে Home Assistant-এর এনার্জি ড্যাশবোর্ড থেকে আসে অথবা উপরে প্রতিটি ইনস্ট্যান্সের জন্য বাছা হয়।
91	উইজেট ডেস্কটপে থাকলে এই সেটিংস প্রযোজ্য। একাধিক টাইলের জন্য (যেমন একটি বাতি, একটি হিটার ও এনার্জি) উইজেটটি কয়েকবার ডেস্কটপে টেনে আনুন এবং প্রতিটি টাইল আলাদাভাবে সেট করুন।
92	সকেট লুকান
93	সকেট দেখান
94	ডাউনলোড ব্যর্থ
95	গড়:
96	ইকো
97	একটি ঘর (তাপমাত্রা, বাতি, সকেট)
98	যেকোনো এনটিটি (সেন্সর, সুইচ …) বড় মানে।
99	যেকোনো এনটিটি বড় মানে।
100	একটি হিটার
101	একটি বাতি বা বাতির গ্রুপ
102	চালু/বন্ধ করার জন্য একটি বাতি বা বাতির গ্রুপ।
103	একটি সকেট
104	খরচসহ চালু/বন্ধ করার জন্য একটি সকেট।
105	সেট আপ …
106	সেটিংস
107	সেটিংস …
108	আলাদা সকেট
109	এনার্জি
110	এনার্জি (ইতিহাস, আজকের খরচ)
111	সরান
112	শুষ্ক করুন
113	এনটিটি
114	এনটিটি বাছুন: ডান-ক্লিক → “উইজেট সম্পাদনা”
115	এনটিটি:
116	যে এনটিটিগুলো দেখানো হবে না – কমা দিয়ে আলাদা, * দিয়েও, যেমন light.hall_nightlight, switch.*_led
117	আবার চেষ্টা করুন
118	অতিরিক্ত গরম
119	অতিরিক্ত গরম · আর %1, তারপর %2
120	অতিরিক্ত গরম:
121	প্রিয়
122	প্রিয়: শুরুতে দেখায়
123	প্রিয়: শুরুতে প্রথমে দেখায়
124	Home Assistant থেকে ত্রুটি %1।
125	জানালা খোলা
126	জানালা বন্ধ
127	সম্পন্ন
128	গ্যাস
129	গ্যাস মিটার
130	গ্যাস মিটার:
131	পরিবর্তিত %1
132	এইমাত্র
133	এখন কোনো ঘর গরম হচ্ছে না
134	গতকাল
135	গতকাল %1
136	ডিগ্রি
137	সবচেয়ে বড় ভোক্তা
138	এখন সবচেয়ে বড় ভোক্তা
139	গ্রুপ
140	গ্রুপ ও পাওয়ার স্ট্রিপ
141	প্রধান মিটার
142	প্রধান মিটার বাছুন
143	প্রধান মিটার:
144	গরম
145	গরম/ঠান্ডা
146	গরম হচ্ছে
147	%1 পর্যন্ত গরম হচ্ছে
148	হিটিং
149	হিটিং (থার্মোস্ট্যাট ও ঘরের তাপমাত্রা)
150	হিটিং চালু (%2টির মধ্যে %1টি)
151	হিটিং চালু (%1)
152	%1টি ঘরে হিটিং চালু
153	হিটিং বন্ধ
154	হিটিং বিশ্রামে
155	হিটার বাছুন: ডান-ক্লিক → “উইজেট সম্পাদনা”
156	হিটার:
157	উজ্জ্বলতা %1
158	ইতিমধ্যে গতকালের খরচের %1 %
159	Home Assistant
160	Home Assistant · %1
161	Home Assistant সাড়া দিচ্ছে না।
162	Home Assistant সেট আপ করুন
163	Home Assistant টোকেন প্রত্যাখ্যান করেছে। অনুগ্রহ করে সেটিংসে নতুন টোকেন দিন।
164	Home Assistant যোগ করুন
165	Home Assistant-এ পৌঁছানো যাচ্ছে না (%1)।
166	Home Assistant খুলুন
167	Home Assistant ToolBox
168	Home Assistant ToolBox – সেটিংস
169	Home Assistant ToolBox – Home Assistant টোকেন
170	Home Assistant ToolBox – নতুন কী?
171	Home Assistant ToolBox বন্ধ করুন
172	Home Assistant ToolBox সেট আপ করুন
173	Home Assistant ToolBox হালনাগাদ আছে।
174	Home Assistant ToolBox খুলুন
175	সেটিংসে “ডেস্কটপ”-এর অধীনে বাছুন।
176	Home Assistant-এ কোনো থার্মোস্ট্যাট নেই।
177	Home Assistant-এ কোনো বাতি পাওয়া যায়নি
178	Home Assistant-এ কোনো ব্যক্তি যোগ করা নেই।
179	Home Assistant-এ: নিচে বাঁয়ে আপনার নামে → নিরাপত্তা → “দীর্ঘমেয়াদী অ্যাক্সেস টোকেন” → টোকেন তৈরি করুন।
180	ইনস্টলেশন ব্যর্থ: %1
181	ইনস্টল করুন
182	ইনস্টল করে আবার চালু করুন
183	ইনস্টল হয়েছে
184	ইনস্টল হয়েছে – Home Assistant ToolBox আবার চালু হচ্ছে …
185	ইনস্টল হয়েছে – Plasma আবার চালু করার পর নতুন সংস্করণ সক্রিয় হবে।
186	ইনস্টল করা: %1
187	ইনস্টল করা: %1
188	ইনস্ট্যান্স
189	ইনস্ট্যান্স “%1”
190	ইনস্ট্যান্স সরান
191	ইনস্ট্যান্স যোগ করুন
192	ইনস্ট্যান্স বদলান
193	ইনস্ট্যান্স:
194	ইনস্ট্যান্স ও প্রদর্শন
195	ইনস্ট্যান্স:
196	বর্তমান
197	এখন
198	টাইল দেখায়:
199	ঠান্ডা
200	কোনো প্রিসেট নেই
201	কোনো ইতিহাস নেই
202	কোনো পরিবর্তন পাওয়া যায়নি।
203	কোনো হিটিং পাওয়া যায়নি
204	কোনো বাতি নেই
205	কোনো বাতি পাওয়া যায়নি
206	কোনো ব্যক্তি নেই
207	Home Assistant-এ কোনো ব্যক্তি নেই
208	কোনো সকেট নেই
209	কোনো সকেট পাওয়া যায়নি
210	কোনো থার্মোস্ট্যাট বা তাপমাত্রা সেন্সর পাওয়া যায়নি
211	কোনো সংযোগ নেই
212	কোনো সংযোগ নেই
213	কোনো সংযোগ নেই।
214	কোনো মিটার পাওয়া যায়নি। Home Assistant-এ এনার্জি ড্যাশবোর্ড সেট করুন অথবা সেটিংসে মিটার বাছুন।
215	কোনোটি নয় (মাপক সকেটের যোগফল)
216	আরাম
217	সম্পূর্ণ (সব ট্যাব)
218	ঠান্ডা
219	লোড হচ্ছে …
220	বাতি
221	বাতি চালু
222	বাতি বাছুন: ডান-ক্লিক → “উইজেট সম্পাদনা”
223	বাতি:
224	বাতি
225	চালু বাতি
226	বাতি লুকান
227	বাতি দেখান
228	Home Assistant থেকে বাতি, সকেট, হিটিং, এনার্জি ও ব্যক্তি – প্যানেলে ও ডেস্কটপে
229	বাতি, সকেট, হিটিং, খরচ এবং কে বাড়িতে আছে।
230	বাতির গ্রুপ
231	বাতির গ্রুপ দেখান
232	দীর্ঘমেয়াদী অ্যাক্সেস টোকেন
233	খালি = Home Assistant থেকে নাম
234	আপনার বিদ্যুৎ মিটারের পাওয়ার সেন্সর
235	এই ইনস্ট্যান্সের বিদ্যুৎ মিটারের পাওয়ার সেন্সর (যেমন Shelly 3EM, Tibber Pulse)। “সংযোগ পরীক্ষা” করার পর সব পাওয়ার সেন্সর দেখা যায়।
236	%1টি ঘরে আলো
237	১টি ঘরে আলো
238	%1-এর সাথে লাইভ সংযুক্ত
239	ফ্যান
240	আর্দ্রতা
241	আরও
242	Home Assistant-এর সাথে সংযোগ করুন
243	মোড
244	মোড:
245	আপডেট খুঁজুন
246	নাম
247	নাম (ঐচ্ছিক)
248	নাম:
249	আবার লোড করুন
250	নতুন ইনস্ট্যান্স
251	আবার চালু করা যায়নি: %1
252	সেট আপ করা হয়নি
253	পৌঁছানো যাচ্ছে না
254	পাওয়া যায়নি
255	পাওয়া যায়নি
256	সংযুক্ত নয়
257	কেউ না
258	বাড়িতে কেউ নেই
259	এখনও কোনো ঠিকানা নেই
260	এখনও কোনো ইনস্ট্যান্স নেই – Home Assistant যোগ করুন।
261	এখনও সেট আপ হয়নি – ডান-ক্লিক → সেট আপ
262	সাধারণত উইজেট লাইভ সংযোগের মাধ্যমে সঙ্গে সঙ্গে আপডেট হয়। তা সম্ভব না হলেই কেবল এই বিরতি প্রযোজ্য।
263	শুধু “সকেট” ধরনের সুইচ দেখান
264	গড় %1
265	%2টি ঘরে গড় %1
266	অফলাইন
267	ঘর ছাড়া
268	OpenStreetMap অবদানকারী
269	প্যানেল:
270	ব্যক্তি
271	মানচিত্রসহ ব্যক্তি
272	Plasma আবার চালু করুন
273	প্রিসেট
274	প্রিসেট:
275	GitHub-এ প্রকল্প পাতা ও আপডেট
276	ঘর
277	ঘর পাওয়া যায়নি
278	ঘর বাছুন: ডান-ক্লিক → “উইজেট সম্পাদনা”
279	ঘর:
280	ঘর
281	ঘর (Home Assistant-এর এলাকা)
282	ঘর দেখান (Home Assistant-এর এলাকা)
283	ঘরের তাপমাত্রা ও সমন্বয়যোগ্য লক্ষ্য তাপমাত্রা।
284	ট্যাব
285	বিশ্রামে
286	চালু/বন্ধ
287	চালু/বন্ধ ব্যর্থ:
288	চালু/বন্ধ ব্যর্থ: %1
289	ঘুম
290	বন্ধ করুন
291	ডেস্কটপ
292	%1 দিন ধরে
293	%1 ঘ ধরে
294	%1 মি ধরে
295	Scriptable-এ একবার স্ক্রিপ্টটি চালান এবং Home Assistant যোগ করুন।
296	উইজেট যোগ করার উপায়:\n1. হোম স্ক্রিন চেপে ধরুন → “+” → Scriptable → আকার বাছুন।\n2. উইজেট চেপে ধরুন → “উইজেট সম্পাদনা” → Script: “Home Assistant ToolBox”।\n3. “Parameter”-এ লিখুন কী দেখাবে:\n\n• (খালি) – সারসংক্ষেপ\n• lights – বাতি (ট্যাপ করে চালু/বন্ধ)\n• heating – সব ঘর, heating:Living room – ইতিহাসসহ একটি ঘর\n• energy – খরচ, ইতিহাস, আজকের বিদ্যুৎ/জল/গ্যাস\n• people – কে কোথায়\n• room:Kitchen – একটি ঘরের তাপমাত্রা, বাতি ও সকেট\n• light:light.hall বা light:Floor lamp – একটি এনটিটি বড় করে\n• …@Holiday home – প্রিয়টি ছাড়া অন্য ইনস্ট্যান্স\n\nলক স্ক্রিনে উইজেট সংক্ষেপে বাতি, হিটিং ও খরচ দেখায়।
297	অন্যান্য
298	পরে
299	সংরক্ষণ
300	সর্বোচ্চ:
301	%1 পর্যন্ত অবস্থা
302	শুরু
303	সকেট
304	সকেট বাছুন: ডান-ক্লিক → “উইজেট সম্পাদনা”
305	সকেট:
306	সকেট
307	সকেট ও এনার্জি
308	সকেট:
309	বিদ্যুৎ
310	বিদ্যুৎ মিটার
311	বিদ্যুৎ মিটার:
312	আপডেট খোঁজা হচ্ছে …
313	আইকন প্যানেলের সমান বড় (সিস্টেম ট্রের মতো নয়)
314	তাপমাত্রা
315	অতিরিক্ত গরমের তাপমাত্রা
316	তাপমাত্রা সেট করুন
317	একটি ঘরের তাপমাত্রা, বাতি ও সকেট।
318	থার্মোস্ট্যাট
319	পরামর্শ: সেটিংসে প্রধান মিটার বাছুন
320	পরামর্শ: সেটিংসে একটি প্রধান মিটার বাছুন, তাহলে এখানে গত ২৪ ঘণ্টার ইতিহাস দেখা যাবে।
321	সম্পাদনা করতে একটি ইনস্ট্যান্সে ট্যাপ করুন।
322	টোকেন (খালি = অপরিবর্তিত)
323	টোকেন পরিবর্তন …
324	কিচেইন থেকে টোকেন সরান
325	তবুও সংরক্ষণ করবেন?
326	সারসংক্ষেপ
327	সারসংক্ষেপ (সবকিছু সংক্ষেপে)
328	নাম বদলান
329	অজানা
330	অজানা ত্রুটি
331	বাইরে
332	%1-এ আপডেট …
333	আপডেট সম্ভব নয়
334	আপডেট খোঁজা যায়নি (%1)।
335	আপডেট খোঁজা যায়নি।
336	আপডেট:
337	সংযোগ হচ্ছে …
338	সংযোগ করুন
339	সংযোগ
340	সংযোগ পরীক্ষা
341	খরচ %1
342	মাপক সকেটের খরচ
343	এখনকার খরচ
344	এখনকার খরচ, ইতিহাস ও আজকের খরচ (বিদ্যুৎ, জল, গ্যাস)।
345	আজকের খরচ
346	মোট খরচ
347	%1-এর সাথে সংযুক্ত · %2
348	%1-এর সাথে সংযুক্ত · %2 পর্যন্ত অবস্থা
349	সংযুক্ত: %1টি বাতি, %2টি সকেট, হিটিংসহ %3টি ঘর, %4 জন ব্যক্তি।
350	বড় করুন
351	গত ২৪ ঘণ্টার সর্বোচ্চের অনুপাত
352	ছোট করুন
353	ইতিহাস
354	ইতিহাস লোড হচ্ছে …
355	ইতিহাস, মোড, প্রিসেট, অতিরিক্ত গরম
356	সংস্করণ %1
357	সংস্করণ %1 · মেনু বারে Home Assistant
358	সংস্করণ %1 এসেছে
359	সংস্করণ %1 ইনস্টল হয়েছে এবং পরের বার চালু করলে কার্যকর হবে।
360	সংস্করণ %1 পাওয়া যাচ্ছে
361	সংস্করণ %1 পাওয়া যাচ্ছে।
362	প্রিভিউ: হিটিং (বড়)
363	প্রিভিউ: সারসংক্ষেপ (মাঝারি)
364	গরম
365	নতুন কী?
366	টাইলটি কী দেখাবে?
367	জল
368	জল মিটার
369	জল মিটার:
370	কোন হিটার বা কোন ঘর।
371	উইজেটটি কোন বাতি বা বাতির গ্রুপ দেখাবে।
372	উইজেটটি কোন সকেট দেখাবে।
373	কোন ঘর: তাপমাত্রা, বাতি ও সকেট।
374	কম
375	কে বাড়িতে, কে কত দূরে।
376	উইজেট প্যারামিটার, যেমন light:light.hall
377	উইজেট প্যারামিটার, যেমন room:Kitchen
378	উইজেট
379	উইজেট সেট আপ (নির্দেশিকা)
380	ডেস্কটপ উইজেট: ডেস্কটপে ডান-ক্লিক → “উইজেট সম্পাদনা …” → “Home Assistant ToolBox”।
381	ডাউনলোড ও পরীক্ষা হচ্ছে …
382	ডাউনলোড ও ইনস্টল হচ্ছে …
383	সত্যিই সরাবেন?
384	যেমন বাড়ি, ছুটির বাড়ি (খালি = Home Assistant থেকে)
385	আইকনে চালু বাতির সংখ্যা
386	মেনু বারে চালু বাতির সংখ্যা
387	মিটার (বিদ্যুৎ/জল/গ্যাস)
388	মিটারের রিডিং
389	লক্ষ্য
390	লক্ষ্য
391	লক্ষ্য %1
392	লক্ষ্য তাপমাত্রা %1
393	বাড়িতে
394	বাড়িতে:
395	বাড়িতে: %1
396	অ্যাক্সেস প্রত্যাখ্যাত
397	অ্যাক্সেস প্রত্যাখ্যাত – অনুগ্রহ করে টোকেন পরীক্ষা করুন।
398	অ্যাক্সেস টোকেন
399	অ্যাক্সেস টোকেন:
400	বাড়িতে
401	ফিরে যান
402	মোট %1
403	ক্যাশ সাফ করুন
