0	“%1” Home Assistant में मौजूद नहीं है।
1	“%1” मौजूद नहीं है।
2	“स्वचालित” Home Assistant के ऊर्जा डैशबोर्ड के मीटर इस्तेमाल करता है और बिल्कुल उसी तरह गणना करता है। आपके अपने मीटर “कनेक्शन जाँचें” के बाद दिखते हैं।
3	(समूह)
4	(कोई विवरण नहीं)
7	%1 %
8	%1 % नमी
9	%1 सॉकेट · सभी बंद
10	%1 घं
11	%1 घं %2 मि
12	%1 गर्म कर रहे हैं
13	%1 लाइटें
14	%1 लाइटें · सभी बंद
15	%1 लाइटें चालू
16	%1 ने त्रुटि %2 बताई।
17	%1 मि
18	%1 प्रतिशत
19	%1 कमरे
20	%1 कमरे गर्म हो रहे हैं
21	%1 चालू/बंद करें
22	%1 सॉकेट
23	%2 में से %1 चालू
24	%2 में से %1 लाइटें चालू
25	%2 में से %1 सॉकेट चालू
26	%2 में से %1 घर पर
27	%1 घर पर
28	1 सॉकेट · बंद
29	1 घं
30	1 लाइट · बंद
31	1 लाइट चालू
32	1 कमरा गर्म हो रहा है
33	2 घं
34	24 घं
35	24 घं:
36	24 घंटे
37	3 घं
38	30 मि
39	4 घं
40	रद्द करें
41	हर (सेकंड) पूछें:
42	हर %1 सेकंड पूछें (लाइव कनेक्शन के बिना)
43	साइन आउट
44	बाहर
45	पता
46	अपने Home Assistant का पता और एक लंबी अवधि का एक्सेस टोकन दर्ज करें।
47	पता और लंबी अवधि का एक्सेस टोकन (Home Assistant में: आपका नाम → सुरक्षा → टोकन बनाएँ)।
48	सेटिंग्स में पता और एक्सेस टोकन दर्ज करें।
49	पता:
50	पता/टोकन बदलें
51	सक्रिय
52	गतिविधि
53	ताज़ा करें
54	सभी %1 चालू
55	सभी %1 लाइटें बंद हैं
56	सब बंद
57	सभी लाइटें
58	सभी लाइटें बंद करें
59	सब दिखाएँ
60	सभी घर पर
61	पसंदीदा बनाएँ
62	पसंदीदा के रूप में सेट करें
63	चालू
64	चालू
65	चालू · %1 %
66	दिखाएँ:
67	लाइटों वाले पुराने समूह (group.*) भी
68	GitHub पर देखें
69	बंद
70	बंद
71	छिपाएँ
72	छिपाएँ …
73	छिपाएँ:
74	चयन:
75	स्वचालित
76	स्वचालित
77	स्वचालित (ऊर्जा डैशबोर्ड)
78	नए संस्करण अपने आप खोजें (GitHub)
79	अपडेट अपने आप खोजें (GitHub)
80	रोकें
81	लॉगिन पर शुरू करें
82	कोई भी इकाई (बड़ा मान)
83	कृपया चुनें
84	बूस्ट
85	डैशबोर्ड
86	डैशबोर्ड खोलें
87	अवधि
88	तारा पसंदीदा को दर्शाता है – यह शुरू में दिखता है। पैनल में ⋯ → इंस्टेंस बदलें से बदलें।
89	डाउनलोड की गई फ़ाइल Home Assistant ToolBox नहीं है।
90	मीटर अपने आप Home Assistant के ऊर्जा डैशबोर्ड से आते हैं या ऊपर हर इंस्टेंस के लिए चुने जाते हैं।
91	ये सेटिंग्स तब लागू होती हैं जब विजेट डेस्कटॉप पर हो। कई टाइलों के लिए (जैसे एक लाइट, एक हीटर और ऊर्जा) विजेट को कई बार डेस्कटॉप पर खींचें और हर टाइल अलग से सेट करें।
92	सॉकेट छिपाएँ
93	सॉकेट दिखाएँ
94	डाउनलोड विफल
95	औसत:
96	इको
97	एक कमरा (तापमान, लाइटें, सॉकेट)
98	कोई भी इकाई (सेंसर, स्विच …) बड़े मान के साथ।
99	कोई भी इकाई बड़े मान के साथ।
100	एक हीटर
101	एक लाइट या लाइट समूह
102	चालू/बंद करने के लिए एक लाइट या लाइट समूह।
103	एक सॉकेट
104	बिजली खपत के साथ चालू/बंद करने वाला सॉकेट।
105	सेट अप करें …
106	सेटिंग्स
107	सेटिंग्स …
108	अलग-अलग सॉकेट
109	ऊर्जा
110	ऊर्जा (इतिहास, आज की खपत)
111	हटाएँ
112	नमी हटाएँ
113	इकाई
114	इकाई चुनें: राइट-क्लिक → “विजेट संपादित करें”
115	इकाई:
116	जो इकाइयाँ नहीं दिखनी चाहिए – कॉमा से अलग, * के साथ भी, जैसे light.hall_nightlight, switch.*_led
117	फिर से कोशिश करें
118	अतिरिक्त हीटिंग
119	अतिरिक्त हीटिंग · %1 बाकी, फिर %2
120	अतिरिक्त हीटिंग:
121	पसंदीदा
122	पसंदीदा: शुरू में दिखता है
123	पसंदीदा: शुरू में सबसे पहले दिखता है
124	Home Assistant से त्रुटि %1।
125	खिड़की खुली
126	खिड़की बंद
127	हो गया
128	गैस
129	गैस मीटर
130	गैस मीटर:
131	बदला गया %1
132	अभी-अभी
133	अभी कोई कमरा गर्म नहीं हो रहा
134	कल
135	कल %1
136	डिग्री
137	सबसे बड़े उपभोक्ता
138	अभी सबसे बड़े उपभोक्ता
139	समूह
140	समूह और पावर स्ट्रिप
141	मुख्य मीटर
142	मुख्य मीटर चुनें
143	मुख्य मीटर:
144	गर्म करें
145	गर्म/ठंडा
146	गर्म हो रहा है
147	%1 तक गर्म हो रहा है
148	हीटिंग
149	हीटिंग (थर्मोस्टैट और कमरे का तापमान)
150	हीटिंग चालू (%2 में से %1)
151	हीटिंग चालू (%1)
152	%1 कमरों में हीटिंग चालू
153	हीटिंग बंद
154	हीटिंग विश्राम में
155	हीटर चुनें: राइट-क्लिक → “विजेट संपादित करें”
156	हीटर:
157	चमक %1
158	कल की खपत का %1 % पहले ही
159	Home Assistant
160	Home Assistant · %1
161	Home Assistant जवाब नहीं दे रहा।
162	Home Assistant सेट अप करें
163	Home Assistant ने टोकन अस्वीकार कर दिया। कृपया सेटिंग्स में नया टोकन दर्ज करें।
164	Home Assistant जोड़ें
165	Home Assistant तक नहीं पहुँचा जा सकता (%1)।
166	Home Assistant खोलें
167	Home Assistant ToolBox
168	Home Assistant ToolBox – सेटिंग्स
169	Home Assistant ToolBox – Home Assistant टोकन
170	Home Assistant ToolBox – नया क्या है?
171	Home Assistant ToolBox बंद करें
172	Home Assistant ToolBox सेट अप करें
173	Home Assistant ToolBox अद्यतित है।
174	Home Assistant ToolBox खोलें
175	सेटिंग्स में “डेस्कटॉप” के अंतर्गत चुनें।
176	Home Assistant में कोई थर्मोस्टैट नहीं है।
177	Home Assistant में कोई लाइट नहीं मिली
178	Home Assistant में कोई व्यक्ति नहीं जोड़ा गया है।
179	Home Assistant में: नीचे बाईं ओर अपने नाम पर → सुरक्षा → “लंबी अवधि के एक्सेस टोकन” → टोकन बनाएँ।
180	इंस्टॉलेशन विफल: %1
181	इंस्टॉल करें
182	इंस्टॉल करें और फिर शुरू करें
183	इंस्टॉल हो गया
184	इंस्टॉल हो गया – Home Assistant ToolBox फिर से शुरू हो रहा है …
185	इंस्टॉल हो गया – Plasma फिर से शुरू करने के बाद नया संस्करण सक्रिय होगा।
186	इंस्टॉल: %1
187	इंस्टॉल: %1
188	इंस्टेंस
189	इंस्टेंस “%1”
190	इंस्टेंस हटाएँ
191	इंस्टेंस जोड़ें
192	इंस्टेंस बदलें
193	इंस्टेंस:
194	इंस्टेंस और प्रदर्शन
195	इंस्टेंस:
196	वर्तमान
197	अभी
198	टाइल दिखाती है:
199	ठंडा करें
200	कोई प्रीसेट नहीं
201	कोई इतिहास नहीं
202	कोई बदलाव नहीं मिला।
203	कोई हीटिंग नहीं मिली
204	कोई लाइट नहीं
205	कोई लाइट नहीं मिली
206	कोई व्यक्ति नहीं
207	Home Assistant में कोई व्यक्ति नहीं
208	कोई सॉकेट नहीं
209	कोई सॉकेट नहीं मिला
210	कोई थर्मोस्टैट या तापमान सेंसर नहीं मिला
211	कोई कनेक्शन नहीं
212	कोई कनेक्शन नहीं
213	कोई कनेक्शन नहीं।
214	कोई मीटर नहीं मिला। Home Assistant में ऊर्जा डैशबोर्ड सेट करें या सेटिंग्स में मीटर चुनें।
215	कोई नहीं (मापने वाले सॉकेट का योग)
216	आराम
217	पूर्ण (सभी टैब)
218	ठंडा करें
219	लोड हो रहा है …
220	लाइट
221	लाइट चालू
222	लाइट चुनें: राइट-क्लिक → “विजेट संपादित करें”
223	लाइट:
224	लाइटें
225	लाइटें चालू
226	लाइटें छिपाएँ
227	लाइटें दिखाएँ
228	Home Assistant से लाइटें, सॉकेट, हीटिंग, ऊर्जा और लोग – पैनल में और डेस्कटॉप पर
229	लाइटें, सॉकेट, हीटिंग, खपत और कौन घर पर है।
230	लाइट समूह
231	लाइट समूह दिखाएँ
232	लंबी अवधि का एक्सेस टोकन
233	खाली = Home Assistant से नाम
234	आपके बिजली मीटर का पावर सेंसर
235	इस इंस्टेंस के बिजली मीटर का पावर सेंसर (जैसे Shelly 3EM, Tibber Pulse)। “कनेक्शन जाँचें” के बाद सभी पावर सेंसर दिखते हैं।
236	%1 कमरों में लाइट
237	1 कमरे में लाइट
238	%1 से लाइव जुड़ा
239	पंखा
240	नमी
241	और
242	Home Assistant से जुड़ें
243	मोड
244	मोड:
245	अपडेट खोजें
246	नाम
247	नाम (वैकल्पिक)
248	नाम:
249	फिर से लोड करें
250	नया इंस्टेंस
251	फिर से शुरू नहीं हो सका: %1
252	सेट अप नहीं
253	पहुँच से बाहर
254	नहीं मिला
255	नहीं मिला
256	जुड़ा नहीं
257	कोई नहीं
258	घर पर कोई नहीं
259	अभी कोई पता नहीं
260	अभी कोई इंस्टेंस नहीं – Home Assistant जोड़ें।
261	अभी सेट अप नहीं – राइट-क्लिक → सेट अप करें
262	आमतौर पर विजेट लाइव कनेक्शन से तुरंत अपडेट होता है। अंतराल तभी लागू होता है जब यह संभव न हो।
263	केवल “सॉकेट” प्रकार के स्विच दिखाएँ
264	औसत %1
265	%2 कमरों में औसत %1
266	ऑफ़लाइन
267	बिना कमरे के
268	OpenStreetMap योगदानकर्ता
269	पैनल:
270	लोग
271	मानचित्र के साथ लोग
272	Plasma फिर से शुरू करें
273	प्रीसेट
274	प्रीसेट:
275	GitHub पर प्रोजेक्ट पेज और अपडेट
276	कमरा
277	कमरा नहीं मिला
278	कमरा चुनें: राइट-क्लिक → “विजेट संपादित करें”
279	कमरा:
280	कमरे
281	कमरे (Home Assistant के क्षेत्र)
282	कमरे दिखाएँ (Home Assistant के क्षेत्र)
283	कमरे का तापमान और समायोज्य लक्ष्य तापमान।
284	टैब
285	विश्राम में
286	चालू/बंद करें
287	चालू/बंद करना विफल:
288	चालू/बंद करना विफल: %1
289	नींद
290	बंद करें
291	डेस्कटॉप
292	%1 दिन से
293	%1 घं से
294	%1 मि से
295	Scriptable में स्क्रिप्ट एक बार चलाएँ और Home Assistant जोड़ें।
296	विजेट कैसे जोड़ें:\n1. होम स्क्रीन को देर तक दबाएँ → “+” → Scriptable → आकार चुनें।\n2. विजेट को देर तक दबाएँ → “विजेट संपादित करें” → Script: “Home Assistant ToolBox”।\n3. “Parameter” में लिखें कि क्या दिखाना है:\n\n• (खाली) – सारांश\n• lights – लाइटें (टैप करके चालू/बंद)\n• heating – सभी कमरे, heating:Living room – इतिहास के साथ एक कमरा\n• energy – खपत, इतिहास, आज की बिजली/पानी/गैस\n• people – कौन कहाँ है\n• room:Kitchen – एक कमरे का तापमान, लाइटें और सॉकेट\n• light:light.hall या light:Floor lamp – एक इकाई बड़े आकार में\n• …@Holiday home – पसंदीदा के अलावा कोई दूसरा इंस्टेंस\n\nलॉक स्क्रीन पर विजेट संक्षेप में लाइटें, हीटिंग और खपत दिखाता है।
297	अन्य
298	बाद में
299	सहेजें
300	शिखर:
301	%1 तक की स्थिति
302	शुरू करें
303	सॉकेट
304	सॉकेट चुनें: राइट-क्लिक → “विजेट संपादित करें”
305	सॉकेट:
306	सॉकेट
307	सॉकेट और ऊर्जा
308	सॉकेट:
309	बिजली
310	बिजली मीटर
311	बिजली मीटर:
312	अपडेट खोजे जा रहे हैं …
313	आइकन पैनल जितना बड़ा (सिस्टम ट्रे जैसा नहीं)
314	तापमान
315	अतिरिक्त हीटिंग का तापमान
316	तापमान सेट करें
317	एक कमरे का तापमान, लाइटें और सॉकेट।
318	थर्मोस्टैट
319	सुझाव: सेटिंग्स में मुख्य मीटर चुनें
320	सुझाव: सेटिंग्स में मुख्य मीटर चुनें, तब यहाँ पिछले 24 घंटों का इतिहास दिखेगा।
321	संपादित करने के लिए किसी इंस्टेंस पर टैप करें।
322	टोकन (खाली = अपरिवर्तित)
323	टोकन बदलें …
324	कीचेन से टोकन हटाएँ
325	फिर भी सहेजें?
326	सारांश
327	सारांश (सब कुछ संक्षेप में)
328	नाम बदलें
329	अज्ञात
330	अज्ञात त्रुटि
331	बाहर
332	%1 पर अपडेट करें …
333	अपडेट संभव नहीं
334	अपडेट नहीं खोजे जा सके (%1)।
335	अपडेट नहीं खोजे जा सके।
336	अपडेट:
337	जुड़ रहा है …
338	जुड़ें
339	कनेक्शन
340	कनेक्शन जाँचें
341	खपत %1
342	मापने वाले सॉकेट की खपत
343	अभी की खपत
344	अभी की खपत, इतिहास और आज की खपत (बिजली, पानी, गैस)।
345	आज की खपत
346	कुल खपत
347	%1 से जुड़ा · %2
348	%1 से जुड़ा · %2 तक की स्थिति
349	जुड़ा: %1 लाइटें, %2 सॉकेट, हीटिंग वाले %3 कमरे, %4 लोग।
350	बड़ा करें
351	पिछले 24 घंटों के शिखर से अनुपात
352	छोटा करें
353	इतिहास
354	इतिहास लोड हो रहा है …
355	इतिहास, मोड, प्रीसेट, अतिरिक्त हीटिंग
356	संस्करण %1
357	संस्करण %1 · मेनू बार में Home Assistant
358	संस्करण %1 आ गया
359	संस्करण %1 इंस्टॉल हो गया है और अगली बार शुरू करने पर लागू होगा।
360	संस्करण %1 उपलब्ध
361	संस्करण %1 उपलब्ध है।
362	पूर्वावलोकन: हीटिंग (बड़ा)
363	पूर्वावलोकन: सारांश (मध्यम)
364	गर्म करें
365	नया क्या है?
366	टाइल क्या दिखाए?
367	पानी
368	पानी मीटर
369	पानी मीटर:
370	कौन सा हीटर या कौन सा कमरा।
371	विजेट कौन सी लाइट या लाइट समूह दिखाए।
372	विजेट कौन सा सॉकेट दिखाए।
373	कौन सा कमरा: तापमान, लाइटें और सॉकेट।
374	कम
375	कौन घर पर है, कौन कितनी दूर है।
376	विजेट पैरामीटर, जैसे light:light.hall
377	विजेट पैरामीटर, जैसे room:Kitchen
378	विजेट
379	विजेट सेट अप करें (गाइड)
380	डेस्कटॉप विजेट: डेस्कटॉप पर राइट-क्लिक → “विजेट संपादित करें …” → “Home Assistant ToolBox”।
381	डाउनलोड और जाँच हो रही है …
382	डाउनलोड और इंस्टॉल हो रहा है …
383	सच में हटाएँ?
384	जैसे घर, छुट्टियों का घर (खाली = Home Assistant से)
385	आइकन पर चालू लाइटों की संख्या
386	मेनू बार में चालू लाइटों की संख्या
387	मीटर (बिजली/पानी/गैस)
388	मीटर रीडिंग
389	लक्ष्य
390	लक्ष्य
391	लक्ष्य %1
392	लक्ष्य तापमान %1
393	घर पर
394	घर पर:
395	घर पर: %1
396	पहुँच अस्वीकृत
397	पहुँच अस्वीकृत – कृपया टोकन जाँचें।
398	एक्सेस टोकन
399	एक्सेस टोकन:
400	घर पर
401	वापस
402	कुल %1
403	कैश साफ़ करें
