0	Home Assistant 中不存在“%1”。
1	“%1”不存在。
2	“自动”使用 Home Assistant 能源仪表板中的电表，计算方式与其完全相同。点击“测试连接”后会显示你自己的电表。
3	（组）
4	（无说明）
7	%1 %
8	湿度 %1 %
9	%1 个插座 · 全部关闭
10	%1 小时
11	%1 小时 %2 分钟
12	%1 个正在加热
13	%1 盏灯
14	%1 盏灯 · 全部关闭
15	%1 盏灯已开
16	%1 报告错误 %2。
17	%1 分钟
18	百分之 %1
19	%1 个房间
20	%1 个房间正在加热
21	切换 %1
22	%1 个插座
23	%2 个中 %1 个已开
24	%2 盏灯中 %1 盏已开
25	%2 个插座中 %1 个已开
26	%2 人中 %1 人在家
27	%1 人在家
28	1 个插座 · 关闭
29	1 小时
30	1 盏灯 · 关闭
31	1 盏灯已开
32	1 个房间正在加热
33	2 小时
34	24 小时
35	24 小时：
36	24 小时
37	3 小时
38	30 分钟
39	4 小时
40	取消
41	轮询间隔（秒）：
42	每 %1 秒轮询一次（无实时连接时）
43	退出登录
44	离家
45	地址
46	输入你的 Home Assistant 地址和长期访问令牌。
47	地址和长期访问令牌（在 Home Assistant 中：你的名字 → 安全 → 创建令牌）。
48	请在设置中输入地址和访问令牌。
49	地址：
50	更改地址/令牌
51	当前
52	活动
53	刷新
54	%1 个全部已开
55	%1 盏灯全部关闭
56	全部关闭
57	所有灯
58	关闭所有灯
59	显示全部
60	全员在家
61	设为收藏
62	设为收藏
63	开
64	开
65	开 · %1 %
66	显示：
67	也包括含灯的经典组（group.*）
68	在 GitHub 上查看
69	关
70	关
71	隐藏
72	隐藏 …
73	隐藏：
74	选择：
75	自动
76	自动
77	自动（能源仪表板）
78	自动检查新版本（GitHub）
79	自动检查更新（GitHub）
80	退出
81	登录时启动
82	任意实体（大字显示）
83	请选择
84	强力
85	仪表板
86	打开仪表板
87	时长
88	星标表示收藏实例，启动时显示。可在面板中通过 ⋯ → 切换实例 进行切换。
89	下载的文件不是 Home Assistant ToolBox。
90	电表自动来自 Home Assistant 能源仪表板，或在上方为每个实例单独选择。
91	这些设置适用于放在桌面上的小部件。若需多个磁贴（例如一盏灯、一个暖气和能源），请将小部件多次拖到桌面并分别设置每个磁贴。
92	隐藏插座
93	显示插座
94	下载失败
95	平均：
96	节能
97	一个房间（温度、灯、插座）
98	任意实体（传感器、开关 …）大字显示。
99	任意实体大字显示。
100	一个暖气
101	一盏灯或灯组
102	可开关的一盏灯或灯组。
103	一个插座
104	可开关并显示耗电的插座。
105	设置 …
106	设置
107	设置 …
108	单个插座
109	能源
110	能源（历史、今日用量）
111	移除
112	除湿
113	实体
114	选择实体：右键 → “编辑小组件”
115	实体：
116	不应显示的实体，用逗号分隔，也可使用 *，例如 light.hall_nightlight, switch.*_led
117	重试
118	额外加热
119	额外加热 · 剩余 %1，之后 %2
120	额外加热：
121	收藏
122	收藏：启动时显示
123	收藏：启动时优先显示
124	Home Assistant 返回错误 %1。
125	窗户已开
126	窗户已关
127	完成
128	燃气
129	燃气表
130	燃气表：
131	更改于 %1
132	刚刚
133	目前没有房间在加热
134	昨天
135	昨天 %1
136	度
137	最大耗电设备
138	当前最大耗电设备
139	组
140	组和插线板
141	主电表
142	选择主电表
143	主电表：
144	制热
145	制热/制冷
146	加热中
147	加热至 %1
148	暖气
149	暖气（温控器和室温）
150	暖气已开（%2 个中 %1 个）
151	暖气已开（%1）
152	%1 个房间暖气已开
153	暖气关闭
154	暖气待机
155	选择暖气：右键 → “编辑小组件”
156	暖气：
157	亮度 %1
158	已达昨日用量的 %1 %
159	Home Assistant
160	Home Assistant · %1
161	Home Assistant 无响应。
162	设置 Home Assistant
163	Home Assistant 拒绝了令牌。请在设置中输入新令牌。
164	添加 Home Assistant
165	无法访问 Home Assistant（%1）。
166	打开 Home Assistant
167	Home Assistant ToolBox
168	Home Assistant ToolBox – 设置
169	Home Assistant ToolBox – Home Assistant 令牌
170	Home Assistant ToolBox – 新功能
171	退出 Home Assistant ToolBox
172	设置 Home Assistant ToolBox
173	Home Assistant ToolBox 已是最新版本。
174	打开 Home Assistant ToolBox
175	请在设置的“桌面”中选择。
176	Home Assistant 中没有温控器。
177	Home Assistant 中未找到灯
178	Home Assistant 中没有设置人员。
179	在 Home Assistant 中：左下角点击你的名字 → 安全 → “长期访问令牌” → 创建令牌。
180	安装失败：%1
181	安装
182	安装并重启
183	已安装
184	已安装 – Home Assistant ToolBox 正在重启 …
185	已安装 – 重启 Plasma 后新版本生效。
186	已安装：%1
187	已安装：%1
188	实例
189	实例“%1”
190	移除实例
191	添加实例
192	切换实例
193	实例：
194	实例与显示
195	实例：
196	当前
197	现在
198	磁贴显示：
199	调低
200	无预设
201	无历史记录
202	未发现更改。
203	未找到暖气
204	没有灯
205	未找到灯
206	没有人员
207	Home Assistant 中没有人员
208	没有插座
209	未找到插座
210	未找到温控器或温度传感器
211	无连接
212	无连接
213	无连接。
214	未找到电表。请在 Home Assistant 中设置能源仪表板，或在设置中选择电表。
215	无（计量插座总和）
216	舒适
217	完整（所有选项卡）
218	制冷
219	加载中 …
220	灯
221	灯已开
222	选择灯：右键 → “编辑小组件”
223	灯：
224	灯
225	已开的灯
226	隐藏灯
227	显示灯
228	来自 Home Assistant 的灯、插座、暖气、能源和人员 – 在面板和桌面上
229	灯、插座、暖气、用电以及谁在家。
230	灯组
231	显示灯组
232	长期访问令牌
233	留空 = 使用 Home Assistant 中的名称
234	电表的功率传感器
235	此实例电表的功率传感器（例如 Shelly 3EM、Tibber Pulse）。点击“测试连接”后会显示所有功率传感器。
236	%1 个房间开着灯
237	1 个房间开着灯
238	已实时连接到 %1
239	风扇
240	湿度
241	更多
242	连接到 Home Assistant
243	模式
244	模式：
245	检查更新
246	名称
247	名称（可选）
248	名称：
249	重新加载
250	新实例
251	无法重启：%1
252	未设置
253	无法访问
254	未找到
255	未找到
256	未连接
257	无人
258	无人在家
259	尚无地址
260	还没有实例 – 请添加 Home Assistant。
261	尚未设置 – 右键 → 设置
262	通常小部件会通过实时连接立即更新。仅在无法实时连接时才使用此间隔。
263	只显示“插座”类型的开关
264	平均 %1
265	%2 个房间平均 %1
266	离线
267	无房间
268	OpenStreetMap 贡献者
269	面板：
270	人员
271	带地图的人员
272	重启 Plasma
273	预设
274	预设：
275	GitHub 上的项目页面和更新
276	房间
277	未找到房间
278	选择房间：右键 → “编辑小组件”
279	房间：
280	房间
281	房间（Home Assistant 区域）
282	显示房间（Home Assistant 区域）
283	可调节的室温和目标温度。
284	选项卡
285	待机
286	切换
287	切换失败：
288	切换失败：%1
289	睡眠
290	关闭
291	桌面
292	已 %1 天
293	已 %1 小时
294	已 %1 分钟
295	在 Scriptable 中运行一次脚本并添加 Home Assistant。
296	如何添加小组件：\n1. 长按主屏幕 → “+” → Scriptable → 选择尺寸。\n2. 长按小组件 → “编辑小组件” → Script：“Home Assistant ToolBox”。\n3. 在“Parameter”中输入要显示的内容：\n\n• （留空）– 概览\n• lights – 灯（点按即可开关）\n• heating – 所有房间，heating:客厅 – 单个房间及历史\n• energy – 用电、历史、今日电/水/燃气\n• people – 谁在哪里\n• room:厨房 – 房间的温度、灯和插座\n• light:light.hall 或 light:落地灯 – 大字显示单个实体\n• …@度假屋 – 非收藏的其他实例\n\n在锁定屏幕上，小组件会简要显示灯、暖气和用电。
297	其他
298	稍后
299	保存
300	峰值：
301	更新于 %1
302	开始
303	插座
304	选择插座：右键 → “编辑小组件”
305	插座：
306	插座
307	插座与能源
308	插座：
309	电
310	电表
311	电表：
312	正在检查更新 …
313	图标与面板一样大（而不是像系统托盘那样）
314	温度
315	额外加热的温度
316	设置温度
317	房间的温度、灯和插座。
318	温控器
319	提示：在设置中选择主电表
320	提示：在设置中选择主电表后，这里将显示过去 24 小时的历史。
321	点按实例进行编辑。
322	令牌（留空 = 不变）
323	更改令牌 …
324	从钥匙串中移除令牌
325	仍然保存？
326	概览
327	概览（简要显示全部）
328	重命名
329	未知
330	未知错误
331	外出
332	更新到 %1 …
333	无法更新
334	无法检查更新（%1）。
335	无法检查更新。
336	更新：
337	正在连接 …
338	连接
339	连接
340	测试连接
341	用电 %1
342	计量插座的用电
343	当前用电
344	当前用电、历史和今日用量（电、水、燃气）。
345	今日用量
346	总用电
347	已连接到 %1 · %2
348	已连接到 %1 · 更新于 %2
349	已连接：%1 盏灯、%2 个插座、%3 个有暖气的房间、%4 人。
350	放大
351	与过去 24 小时峰值的比例
352	缩小
353	历史
354	正在加载历史 …
355	历史、模式、预设、额外加热
356	版本 %1
357	版本 %1 · 菜单栏中的 Home Assistant
358	版本 %1 来了
359	版本 %1 已安装，将在下次启动时生效。
360	版本 %1 可用
361	版本 %1 可用。
362	预览：暖气（大）
363	预览：概览（中）
364	调高
365	新功能
366	磁贴应显示什么？
367	水
368	水表
369	水表：
370	哪个暖气或哪个房间。
371	小组件显示哪盏灯或灯组。
372	小组件显示哪个插座。
373	哪个房间：温度、灯和插座。
374	收起
375	谁在家，谁离多远。
376	小组件参数，例如 light:light.hall
377	小组件参数，例如 room:厨房
378	小组件
379	设置小组件（指南）
380	桌面小组件：在桌面上右键 → “编辑小组件 …” → “Home Assistant ToolBox”。
381	正在下载并检查 …
382	正在下载并安装 …
383	确定移除？
384	例如 家、度假屋（留空 = 来自 Home Assistant）
385	图标上显示已开灯数量
386	在菜单栏显示已开灯数量
387	电表（电/水/燃气）
388	表读数
389	目标
390	目标
391	目标 %1
392	目标温度 %1
393	在家
394	在家：
395	在家：%1
396	访问被拒绝
397	访问被拒绝 – 请检查令牌。
398	访问令牌
399	访问令牌：
400	在家
401	返回
402	合计 %1
403	清除缓存
